"Agency","Product_ID","Client_ID","Sales_Amount","Sales"
"101","1004","2003",465,78971
"101","1007","2003",182,23053
"101","1008","2003",757,61897
"101","1016","2003",714,69885
"101","1017","2003",321,37015
"101","1018","2003",56,6141
"101","1002","2003",541,54350
"101","1004","2003",475,56077
"101","1007","2003",222,40973
"101","1008","2003",1868,208044
"101","1016","2003",434,47842
"101","1017","2003",312,36165
"101","1018","2003",146,12565
"101","1002","2003",626,62277
"101","1004","2003",727,62926
"101","1007","2003",174,32706
"101","1008","2003",1143,69238
"101","1016","2003",675,39967
"101","1017","2003",305,48085
"101","1018","2003",81,11534
"101","1002","2003",348,49987
"101","1004","2003",607,52555
"101","1007","2003",183,22133
"101","1008","2003",685,105970
"101","1016","2003",388,54334
"101","1017","2003",329,24409
"101","1018","2003",96,15529
"101","1002","2003",293,34405
"101","1004","2003",530,42081
"101","1007","2003",296,36328
"101","1008","2003",886,169740
"101","1016","2003",450,45810
"101","1017","2003",249,33381
"101","1018","2003",152,12485
"101","1002","2003",263,45353
"101","1004","2003",501,37854
"101","1007","2003",149,15742
"101","1008","2003",1311,168521
"101","1016","2003",385,29913
"101","1017","2003",232,22007
"101","1018","2003",107,13070
"101","1002","2003",186,50419
"101","1004","2003",353,24709
"101","1007","2003",92,11140
"101","1008","2003",666,79571
"101","1016","2003",419,48426
"101","1017","2003",199,26773
"101","1018","2003",82,6442
"101","1002","2003",160,23269
"101","1004","2003",273,42481
"101","1007","2003",44,10266
"101","1008","2003",570,45306
"101","1016","2003",254,27745
"101","1017","2003",169,16546
"101","1018","2003",88,12206
"101","1002","2003",160,10009
"101","1004","2003",283,27049
"101","1007","2003",102,12331
"101","1008","2003",868,95048
"101","1016","2003",294,16177
"101","1017","2003",127,15781
"101","1018","2003",64,12589
"101","1002","2003",227,20015
"101","1004","2003",272,31455
"101","1007","2003",148,9557
"101","1008","2003",742,72299
"101","1016","2003",293,18198
"101","1017","2003",250,16034
"101","1018","2003",167,13653
"101","1002","2003",310,43596
"101","1004","2003",555,43791
"101","1007","2003",184,14126
"101","1008","2003",1398,192327
"101","1016","2003",365,41326
"101","1017","2003",349,44015
"101","1018","2003",62,9887
"101","1002","2003",123,23631
"101","1004","2003",287,39509
"101","1007","2003",79,8863
"101","1008","2003",1397,92862
"101","1016","2003",390,41528
"101","1017","2003",261,17056
"101","1018","2003",75,12698
"101","1002","2003",183,31525
"101","1004","2003",456,60651
"101","1007","2003",224,30469
"101","1008","2003",773,84797
"101","1016","2003",261,23935
"101","1017","2003",239,33120
"101","1018","2003",42,5809
"101","1002","2003",532,54717
"101","1004","2003",589,45200
"101","1007","2003",251,24043
"101","1008","2003",1311,195300
"101","1016","2003",538,35570
"101","1017","2003",275,41245
"101","1018","2003",128,21060
"101","1002","2003",466,56997
"101","1004","2003",513,64461
"101","1007","2003",152,22669
"101","1008","2003",917,117191
"101","1016","2003",306,40098
"101","1017","2003",210,18522
"101","1018","2003",65,6877
"102","1003","2011",1853,77212
"102","1004","2011",2311,171009
"102","1011","2011",670,45904
"102","1015","2011",2211,162802
"103","1002","2006",1601,159600
"103","1007","2006",645,66368
"103","1011","2006",473,28635
"104","1007","2007",213,15005
"105","1002","2002",165,20213
"105","1004","2002",289,49618
"105","1007","2002",205,23574
"105","1008","2002",1222,136786
"105","1011","2002",307,15789
"105","1012","2002",219,10472
"105","1015","2002",109,7461
"105","1016","2002",121,16468
"105","1017","2002",152,22919
"105","1002","2002",333,43434
"105","1004","2002",427,54134
"105","1007","2002",241,22814
"105","1008","2002",1071,136383
"105","1011","2002",228,22695
"105","1015","2002",83,7427
"105","1016","2002",260,39623
"105","1017","2002",269,32884
"105","1002","2002",169,20793
"105","1004","2002",309,27485
"105","1007","2002",230,12851
"105","1008","2002",917,56233
"105","1011","2002",86,14044
"105","1012","2002",58,3827
"105","1015","2002",21,3151
"105","1016","2002",219,18064
"105","1017","2002",80,9107
"106","1002","2005",237,11088
"106","1004","2005",212,33440
"106","1007","2005",177,35705
"106","1008","2005",360,32598
"106","1011","2005",112,15257
"106","1012","2005",162,8261
"106","1015","2005",161,22030
"106","1016","2005",298,21555
"106","1017","2005",174,26552
"106","1002","2005",258,19984
"106","1004","2005",162,18615
"106","1007","2005",131,20970
"106","1008","2005",1024,75019
"106","1011","2005",244,21055
"106","1012","2005",409,14006
"106","1015","2005",199,26864
"106","1016","2005",328,47733
"106","1017","2005",223,28863
"107","1002","2001",138,18801
"107","1004","2001",325,41136
"107","1007","2001",161,10612
"107","1008","2001",1554,162335
"107","1012","2001",178,15719
"107","1016","2001",764,88978
"107","1017","2001",362,26730
"107","1018","2001",310,33247
"107","1002","2001",75,12827
"107","1004","2001",1115,79962
"107","1007","2001",225,33617
"107","1008","2001",470,53719
"107","1012","2001",393,16312
"107","1016","2001",732,59698
"107","1017","2001",248,27130
"107","1018","2001",98,19151
"107","1002","2001",139,35487
"107","1004","2001",290,49149
"107","1007","2001",202,39515
"107","1008","2001",796,120782
"107","1012","2001",27,1490
"107","1016","2001",335,35191
"107","1017","2001",153,21492
"107","1018","2001",177,14837
"107","1004","2001",154,12199
"107","1007","2001",129,11857
"107","1008","2001",406,53257
"107","1012","2001",11,794
"107","1016","2001",413,31393
"107","1017","2001",147,10540
"107","1018","2001",109,13216
"107","1002","2001",213,11429
"107","1004","2001",207,19829
"107","1007","2001",138,21584
"107","1008","2001",774,79532
"107","1012","2001",186,7415
"107","1016","2001",495,34199
"107","1017","2001",195,34119
"107","1018","2001",216,34010
"107","1002","2001",42,2975
"107","1004","2001",178,16633
"107","1007","2001",139,15055
"107","1008","2001",435,61875
"107","1012","2001",220,9499
"107","1016","2001",380,61251
"107","1017","2001",152,26381
"107","1018","2001",175,21854
"107","1004","2001",251,31134
"107","1007","2001",180,23827
"107","1008","2001",564,63776
"107","1012","2001",240,15674
"107","1016","2001",546,71908
"107","1017","2001",114,16674
"107","1018","2001",230,21356
"107","1004","2001",145,22782
"107","1007","2001",52,10009
"107","1008","2001",266,48412
"107","1012","2001",100,10995
"107","1016","2001",643,54737
"107","1017","2001",261,34554
"107","1018","2001",243,26063
"107","1002","2001",13,1110
"107","1004","2001",119,7910
"107","1007","2001",49,5948
"107","1008","2001",327,39000
"107","1012","2001",1,39
"107","1016","2001",254,25413
"107","1017","2001",209,15114
"107","1018","2001",115,14021
"107","1004","2001",94,11891
"107","1007","2001",80,7973
"107","1008","2001",1004,117100
"107","1016","2001",325,27301
"107","1017","2001",135,16484
"107","1018","2001",64,5752
"108","1001","2009",104,28968
"108","1002","2009",334,38642
"108","1003","2009",152,8617
"108","1004","2009",232,17884
"108","1006","2009",223,43766
"108","1007","2009",78,4199
"108","1014","2009",488,43293
"108","1018","2009",199,12355
"109","1002","2007",1225,117009
"109","1007","2007",1288,67341
"109","1011","2007",824,56161
"110","1001","2010",133,18407
"110","1002","2010",282,21206
"110","1003","2010",65,4012
"110","1004","2010",38,3300
"110","1006","2010",757,130438
"110","1007","2010",85,4162
"110","1010","2010",146,17369
"110","1011","2010",631,56540
"110","1015","2010",194,17133
"111","1002","2008",248,54589
"111","1004","2008",264,19266
"111","1007","2008",116,19271
"111","1008","2008",377,29626
"111","1011","2008",145,11677
"111","1012","2008",417,24248
"111","1015","2008",87,9867
"111","1017","2008",188,22026
"111","1002","2008",196,24584
"111","1004","2008",516,50085
"111","1007","2008",309,27937
"111","1008","2008",695,144543
"111","1011","2008",137,17191
"111","1012","2008",117,3630
"111","1015","2008",83,8935
"111","1017","2008",186,24619
"111","1002","2008",318,31909
"111","1004","2008",162,22535
"111","1007","2008",102,9099
"111","1008","2008",217,13188
"111","1011","2008",62,4716
"111","1012","2008",96,4304
"111","1015","2008",20,2128
"111","1017","2008",176,23971
"111","1002","2008",346,28811
"111","1004","2008",215,21260
"111","1007","2008",159,18705
"111","1008","2008",392,58637
"111","1011","2008",63,6139
"111","1012","2008",70,3722
"111","1015","2008",21,1638
"111","1017","2008",170,35311
"111","1002","2008",177,32071
"111","1004","2008",78,14977
"111","1007","2008",184,19349
"111","1008","2008",390,24778
"111","1011","2008",78,13888
"111","1012","2008",66,2713
"111","1015","2008",92,6959
"111","1017","2008",172,24240
"113","1008","2004",3,258
"113","1018","2004",1,192
"114","1002","2004",398,41060
"114","1004","2004",401,55936
"114","1008","2004",1891,223835
"114","1012","2004",193,8151
"114","1016","2004",591,52177
"114","1017","2004",323,37458
"114","1018","2004",268,27711
"114","1002","2004",261,40352
"114","1004","2004",257,20995
"114","1008","2004",424,54785
"114","1012","2004",205,10402
"114","1016","2004",239,46092
"114","1017","2004",256,37227
"114","1018","2004",163,24291
"114","1002","2004",169,21016
"114","1004","2004",247,29238
"114","1008","2004",440,51200
"114","1012","2004",230,12846
"114","1016","2004",320,34273
"114","1017","2004",134,21019
"114","1018","2004",115,18020
"114","1002","2004",323,29685
"114","1004","2004",429,67624
"114","1008","2004",560,47179
"114","1012","2004",338,13383
"114","1016","2004",418,50165
"114","1017","2004",215,32007
"114","1018","2004",155,26467
"101","1002","2003",339,81380
"101","1004","2003",799,75676
"101","1007","2003",204,13238
"101","1008","2003",682,90657
"101","1016","2003",717,74721
"101","1017","2003",275,29053
"101","1018","2003",135,15841
"101","1002","2003",734,74680
"101","1004","2003",482,75968
"101","1007","2003",301,27187
"101","1008","2003",1158,179244
"101","1016","2003",947,69668
"101","1017","2003",506,46859
"101","1018","2003",180,15214
"101","1002","2003",657,71093
"101","1004","2003",551,99425
"101","1007","2003",174,17288
"101","1008","2003",1139,75429
"101","1016","2003",427,49104
"101","1017","2003",252,46012
"101","1018","2003",97,18168
"101","1002","2003",360,47654
"101","1004","2003",466,47162
"101","1007","2003",221,42798
"101","1008","2003",800,84926
"101","1016","2003",403,33449
"101","1017","2003",202,19612
"101","1018","2003",161,11240
"101","1002","2003",283,52898
"101","1004","2003",454,52390
"101","1007","2003",156,33666
"101","1008","2003",928,115293
"101","1016","2003",426,50058
"101","1017","2003",245,33896
"101","1018","2003",168,12496
"101","1002","2003",216,23835
"101","1004","2003",581,37202
"101","1007","2003",141,17831
"101","1008","2003",1238,103826
"101","1016","2003",408,58457
"101","1017","2003",179,37604
"101","1018","2003",93,10923
"101","1002","2003",246,26106
"101","1004","2003",305,34145
"101","1007","2003",98,11685
"101","1008","2003",1087,45145
"101","1016","2003",374,64279
"101","1017","2003",143,24017
"101","1018","2003",120,10003
"101","1002","2003",222,21823
"101","1004","2003",311,46761
"101","1007","2003",69,6669
"101","1008","2003",752,71192
"101","1016","2003",300,44415
"101","1017","2003",145,19663
"101","1018","2003",71,6705
"101","1002","2003",225,24810
"101","1004","2003",371,19715
"101","1007","2003",162,19779
"101","1008","2003",582,60861
"101","1016","2003",239,58338
"101","1017","2003",123,9387
"101","1018","2003",64,5234
"101","1002","2003",174,17785
"101","1004","2003",269,28022
"101","1007","2003",114,12814
"101","1008","2003",1398,93122
"101","1016","2003",372,20039
"101","1017","2003",272,30073
"101","1018","2003",84,7845
"101","1002","2003",371,32081
"101","1004","2003",445,35650
"101","1007","2003",112,18664
"101","1008","2003",1985,182595
"101","1016","2003",529,50978
"101","1017","2003",209,36508
"101","1018","2003",89,8330
"101","1002","2003",310,16853
"101","1004","2003",351,47274
"101","1007","2003",93,18877
"101","1008","2003",921,101068
"101","1016","2003",544,70431
"101","1017","2003",317,16235
"101","1018","2003",115,23084
"101","1002","2003",213,44663
"101","1004","2003",269,54609
"101","1007","2003",184,26915
"101","1008","2003",761,48236
"101","1016","2003",469,31088
"101","1017","2003",306,39250
"101","1018","2003",87,8753
"101","1002","2003",438,58485
"101","1004","2003",705,51044
"101","1007","2003",318,29560
"101","1008","2003",1968,112906
"101","1016","2003",378,70919
"101","1017","2003",339,19610
"101","1018","2003",148,21263
"101","1002","2003",308,66338
"101","1004","2003",710,59796
"101","1007","2003",228,41586
"101","1008","2003",1467,117606
"101","1016","2003",293,30850
"101","1017","2003",240,60224
"101","1018","2003",134,8010
"102","1003","2011",2546,175700
"102","1004","2011",3122,233424
"102","1011","2011",311,21591
"102","1015","2011",1451,196162
"103","1002","2006",1331,99114
"103","1007","2006",1568,201548
"103","1011","2006",1131,107359
"104","1007","2007",152,9993
"105","1002","2002",205,25340
"105","1004","2002",323,37462
"105","1007","2002",183,36487
"105","1008","2002",1046,101239
"105","1011","2002",141,14902
"105","1012","2002",274,15965
"105","1015","2002",129,9064
"105","1016","2002",168,11019
"105","1017","2002",179,25092
"105","1002","2002",328,44575
"105","1004","2002",479,55198
"105","1007","2002",335,21738
"105","1008","2002",1124,109594
"105","1011","2002",330,31420
"105","1015","2002",188,12203
"105","1016","2002",247,19970
"105","1017","2002",202,12268
"105","1002","2002",150,21529
"105","1004","2002",371,28611
"105","1007","2002",235,29839
"105","1008","2002",807,81905
"105","1011","2002",314,36883
"105","1012","2002",96,6061
"105","1015","2002",83,5150
"105","1016","2002",206,27821
"105","1017","2002",216,25859
"106","1002","2005",259,18208
"106","1004","2005",319,26051
"106","1007","2005",311,21770
"106","1008","2005",274,34092
"106","1011","2005",171,13143
"106","1012","2005",104,7603
"106","1015","2005",161,21699
"106","1016","2005",235,35378
"106","1017","2005",252,24759
"106","1002","2005",221,33858
"106","1004","2005",150,24076
"106","1007","2005",161,18777
"106","1008","2005",755,54252
"106","1011","2005",144,16410
"106","1012","2005",425,21599
"106","1015","2005",145,18577
"106","1016","2005",511,46280
"106","1017","2005",210,22317
"107","1002","2001",174,12735
"107","1004","2001",265,30813
"107","1007","2001",160,12812
"107","1008","2001",1184,86528
"107","1012","2001",55,3500
"107","1016","2001",739,99027
"107","1017","2001",478,44650
"107","1018","2001",299,42174
"107","1002","2001",7,1356
"107","1004","2001",359,44758
"107","1007","2001",219,13444
"107","1008","2001",619,58308
"107","1012","2001",133,6374
"107","1016","2001",584,59452
"107","1017","2001",174,26829
"107","1018","2001",157,9661
"107","1002","2001",180,12272
"107","1004","2001",270,19334
"107","1007","2001",191,27365
"107","1008","2001",822,93149
"107","1016","2001",131,22128
"107","1017","2001",75,16464
"107","1018","2001",136,10367
"107","1004","2001",121,10377
"107","1007","2001",170,17210
"107","1008","2001",671,63159
"107","1016","2001",265,34901
"107","1017","2001",46,3991
"107","1018","2001",149,11894
"107","1002","2001",228,26528
"107","1004","2001",260,28859
"107","1007","2001",165,9057
"107","1008","2001",975,129165
"107","1012","2001",5,276
"107","1016","2001",548,72953
"107","1017","2001",322,52699
"107","1018","2001",206,26282
"107","1002","2001",55,5177
"107","1004","2001",199,34638
"107","1007","2001",109,10545
"107","1008","2001",661,72394
"107","1012","2001",145,10669
"107","1016","2001",669,66491
"107","1017","2001",131,16353
"107","1018","2001",149,22133
"107","1004","2001",174,25035
"107","1007","2001",139,17001
"107","1008","2001",633,110094
"107","1012","2001",104,5375
"107","1016","2001",290,30815
"107","1017","2001",82,5334
"107","1018","2001",125,28961
"107","1004","2001",105,12651
"107","1007","2001",55,9522
"107","1008","2001",408,40093
"107","1012","2001",185,6205
"107","1016","2001",556,40064
"107","1017","2001",266,40164
"107","1018","2001",164,17393
"107","1002","2001",3,357
"107","1004","2001",95,12596
"107","1007","2001",37,3078
"107","1008","2001",438,53491
"107","1016","2001",257,19722
"107","1017","2001",89,7629
"107","1018","2001",149,15536
"107","1004","2001",242,31990
"107","1007","2001",41,3346
"107","1008","2001",597,70764
"107","1012","2001",20,1481
"107","1016","2001",184,24393
"107","1017","2001",17,2295
"107","1018","2001",24,3079
"108","1001","2009",137,21788
"108","1002","2009",234,29426
"108","1003","2009",176,17876
"108","1004","2009",354,29946
"108","1006","2009",306,59039
"108","1007","2009",73,6344
"108","1014","2009",1195,38253
"108","1018","2009",177,19215
"109","1002","2007",1059,99032
"109","1007","2007",1307,81965
"109","1011","2007",1041,80049
"110","1001","2010",109,13363
"110","1002","2010",87,7321
"110","1003","2010",127,13342
"110","1004","2010",70,5628
"110","1006","2010",536,105869
"110","1007","2010",112,4481
"110","1010","2010",319,29248
"110","1011","2010",490,37668
"110","1015","2010",224,9916
"111","1002","2008",294,28126
"111","1004","2008",282,21652
"111","1007","2008",190,19005
"111","1008","2008",510,32656
"111","1011","2008",365,23781
"111","1012","2008",385,23383
"111","1015","2008",95,11358
"111","1017","2008",222,45987
"111","1002","2008",330,36457
"111","1004","2008",140,15835
"111","1007","2008",178,18326
"111","1008","2008",966,91179
"111","1011","2008",81,9596
"111","1012","2008",134,9016
"111","1015","2008",105,8264
"111","1017","2008",247,29484
"111","1002","2008",190,19794
"111","1004","2008",88,13515
"111","1007","2008",142,20082
"111","1008","2008",432,44630
"111","1011","2008",119,18859
"111","1012","2008",129,7066
"111","1015","2008",15,1374
"111","1017","2008",162,16135
"111","1002","2008",376,44167
"111","1004","2008",356,29561
"111","1007","2008",218,22752
"111","1008","2008",447,63594
"111","1011","2008",133,20410
"111","1012","2008",130,7590
"111","1015","2008",13,2033
"111","1017","2008",371,19352
"111","1002","2008",176,17432
"111","1004","2008",275,28359
"111","1007","2008",117,11007
"111","1008","2008",457,39083
"111","1011","2008",65,7881
"111","1012","2008",101,3143
"111","1015","2008",67,5874
"111","1017","2008",178,19963
"113","1008","2004",0,0
"114","1002","2004",272,59480
"114","1004","2004",515,51615
"114","1008","2004",1188,136699
"114","1012","2004",159,9088
"114","1016","2004",665,45341
"114","1017","2004",329,35192
"114","1018","2004",319,21395
"114","1002","2004",232,34678
"114","1004","2004",194,30780
"114","1008","2004",976,62009
"114","1012","2004",251,9227
"114","1016","2004",273,45687
"114","1017","2004",277,20383
"114","1018","2004",229,15417
"114","1002","2004",168,28539
"114","1004","2004",176,17328
"114","1008","2004",720,64575
"114","1012","2004",155,8826
"114","1016","2004",235,39718
"114","1017","2004",174,14419
"114","1018","2004",205,17309
"114","1002","2004",199,40273
"114","1004","2004",267,19635
"114","1008","2004",780,80354
"114","1012","2004",164,10042
"114","1016","2004",260,45998
"114","1017","2004",168,21653
"114","1018","2004",151,20400
"101","1002","2003",506,53989
"101","1004","2003",509,45333
"101","1007","2003",115,9957
"101","1008","2003",587,76395
"101","1016","2003",600,44748
"101","1017","2003",162,17046
"101","1018","2003",71,8821
"101","1002","2003",651,73717
"101","1004","2003",622,96082
"101","1007","2003",355,16286
"101","1008","2003",1407,168505
"101","1016","2003",938,62531
"101","1017","2003",417,40072
"101","1018","2003",175,11271
"101","1002","2003",784,69285
"101","1004","2003",670,64550
"101","1007","2003",192,22576
"101","1008","2003",892,138224
"101","1016","2003",516,80751
"101","1017","2003",343,38211
"101","1018","2003",150,14206
"101","1002","2003",345,57289
"101","1004","2003",453,49406
"101","1007","2003",282,27086
"101","1008","2003",1335,127095
"101","1016","2003",341,23956
"101","1017","2003",240,19441
"101","1018","2003",163,15181
"101","1002","2003",329,30786
"101","1004","2003",566,63925
"101","1007","2003",257,28023
"101","1008","2003",830,105996
"101","1016","2003",390,34674
"101","1017","2003",256,26750
"101","1018","2003",168,21167
"101","1002","2003",385,56788
"101","1004","2003",523,60326
"101","1007","2003",157,15454
"101","1008","2003",1522,168431
"101","1016","2003",392,33606
"101","1017","2003",283,27846
"101","1018","2003",127,12292
"101","1002","2003",170,36199
"101","1004","2003",373,46093
"101","1007","2003",133,12619
"101","1008","2003",577,79076
"101","1016","2003",430,45230
"101","1017","2003",175,31333
"101","1018","2003",112,13422
"101","1002","2003",129,19706
"101","1004","2003",291,25185
"101","1007","2003",72,3491
"101","1008","2003",702,89441
"101","1016","2003",392,47217
"101","1017","2003",120,26936
"101","1018","2003",90,5440
"101","1002","2003",156,22159
"101","1004","2003",288,17545
"101","1007","2003",96,12528
"101","1008","2003",626,65467
"101","1016","2003",314,17870
"101","1017","2003",121,11614
"101","1018","2003",27,3708
"101","1002","2003",240,29546
"101","1004","2003",293,34909
"101","1007","2003",167,12407
"101","1008","2003",944,52704
"101","1016","2003",353,46892
"101","1017","2003",157,26330
"101","1018","2003",99,12121
"101","1002","2003",372,31446
"101","1004","2003",583,43748
"101","1007","2003",108,17980
"101","1008","2003",2456,210600
"101","1016","2003",416,31124
"101","1017","2003",287,23406
"101","1018","2003",123,9796
"101","1002","2003",259,24739
"101","1004","2003",275,64835
"101","1007","2003",180,16688
"101","1008","2003",844,167005
"101","1016","2003",311,42343
"101","1017","2003",214,27402
"101","1018","2003",84,11591
"101","1002","2003",309,35073
"101","1004","2003",356,50643
"101","1007","2003",235,21211
"101","1008","2003",1009,111213
"101","1016","2003",412,40092
"101","1017","2003",308,24147
"101","1018","2003",92,7790
"101","1002","2003",367,49376
"101","1004","2003",460,90480
"101","1007","2003",411,30198
"101","1008","2003",1622,187758
"101","1016","2003",361,46723
"101","1017","2003",218,43053
"101","1018","2003",150,13095
"101","1002","2003",351,39802
"101","1004","2003",505,65548
"101","1007","2003",284,27484
"101","1008","2003",1741,167644
"101","1016","2003",396,42194
"101","1017","2003",365,22374
"101","1018","2003",85,14217
"102","1003","2011",1698,96987
"102","1004","2011",2542,254568
"102","1011","2011",838,44151
"102","1015","2011",1894,150629
"103","1002","2006",1873,147997
"103","1007","2006",1001,138901
"103","1011","2006",871,78241
"104","1007","2007",313,21401
"104","1011","2007",204,8989
"104","1015","2007",46,6222
"105","1002","2002",90,18792
"105","1004","2002",295,23022
"105","1007","2002",316,24615
"105","1008","2002",801,81266
"105","1011","2002",192,20954
"105","1012","2002",533,22068
"105","1015","2002",97,9763
"105","1016","2002",64,12779
"105","1017","2002",158,13978
"105","1002","2002",358,37043
"105","1004","2002",426,51377
"105","1007","2002",153,15129
"105","1008","2002",626,94612
"105","1011","2002",243,30568
"105","1015","2002",72,8060
"105","1016","2002",276,41781
"105","1017","2002",140,13670
"105","1002","2002",199,29871
"105","1004","2002",193,28527
"105","1007","2002",206,25901
"105","1008","2002",579,80817
"105","1011","2002",262,29328
"105","1012","2002",97,7761
"105","1015","2002",106,10983
"105","1016","2002",201,11067
"105","1017","2002",149,14497
"106","1002","2005",246,31576
"106","1004","2005",206,24115
"106","1007","2005",294,26246
"106","1008","2005",356,31917
"106","1011","2005",140,11763
"106","1012","2005",168,9803
"106","1015","2005",183,24652
"106","1016","2005",311,23947
"106","1017","2005",293,19446
"106","1002","2005",231,27278
"106","1004","2005",198,32335
"106","1007","2005",177,18304
"106","1008","2005",461,70689
"106","1011","2005",172,20508
"106","1012","2005",178,10594
"106","1015","2005",182,18560
"106","1016","2005",496,36279
"106","1017","2005",326,22620
"107","1002","2001",280,27724
"107","1004","2001",341,38001
"107","1007","2001",131,21933
"107","1008","2001",1403,121671
"107","1012","2001",315,12048
"107","1016","2001",858,67852
"107","1017","2001",565,77493
"107","1018","2001",288,53339
"107","1004","2001",395,58961
"107","1007","2001",164,33957
"107","1008","2001",869,101595
"107","1012","2001",282,21738
"107","1016","2001",457,45983
"107","1017","2001",274,18405
"107","1018","2001",264,33216
"107","1002","2001",252,35006
"107","1004","2001",481,36224
"107","1007","2001",181,17757
"107","1008","2001",1219,80323
"107","1016","2001",259,28496
"107","1017","2001",268,25227
"107","1018","2001",174,16326
"107","1004","2001",184,24325
"107","1007","2001",136,21192
"107","1008","2001",559,101281
"107","1012","2001",62,5328
"107","1016","2001",328,47917
"107","1017","2001",221,19142
"107","1018","2001",199,20134
"107","1002","2001",206,24148
"107","1004","2001",230,39776
"107","1007","2001",128,22921
"107","1008","2001",623,56085
"107","1012","2001",23,1090
"107","1016","2001",345,40844
"107","1017","2001",298,48121
"107","1018","2001",210,31456
"107","1002","2001",115,11552
"107","1004","2001",161,24608
"107","1007","2001",223,26131
"107","1008","2001",761,117031
"107","1012","2001",173,11339
"107","1016","2001",406,39285
"107","1017","2001",253,29775
"107","1018","2001",221,23053
"107","1004","2001",314,19118
"107","1007","2001",274,30077
"107","1008","2001",569,68552
"107","1012","2001",262,17409
"107","1016","2001",320,30490
"107","1017","2001",353,30960
"107","1018","2001",225,31637
"107","1004","2001",211,16446
"107","1007","2001",103,13200
"107","1008","2001",543,56508
"107","1012","2001",352,24298
"107","1016","2001",631,68137
"107","1017","2001",313,34851
"107","1018","2001",286,22340
"107","1004","2001",164,16959
"107","1007","2001",97,7801
"107","1008","2001",291,23512
"107","1016","2001",214,48955
"107","1017","2001",186,21365
"107","1018","2001",142,20098
"107","1004","2001",130,17546
"107","1007","2001",48,9498
"107","1008","2001",572,44597
"107","1012","2001",33,1265
"107","1016","2001",165,28812
"107","1017","2001",174,15399
"107","1018","2001",91,6417
"108","1001","2009",117,42003
"108","1002","2009",397,38880
"108","1003","2009",163,17828
"108","1004","2009",383,29628
"108","1006","2009",189,71981
"108","1007","2009",76,5496
"108","1014","2009",1125,70927
"108","1018","2009",250,22831
"109","1002","2007",1018,118743
"109","1007","2007",597,78286
"109","1011","2007",673,36547
"110","1001","2010",127,32436
"110","1002","2010",183,21919
"110","1003","2010",52,2037
"110","1004","2010",360,28969
"110","1006","2010",496,142018
"110","1007","2010",149,7157
"110","1010","2010",358,21192
"110","1011","2010",726,47193
"110","1015","2010",207,10644
"111","1002","2008",349,44643
"111","1004","2008",274,27702
"111","1007","2008",290,33507
"111","1008","2008",344,64923
"111","1011","2008",208,19839
"111","1012","2008",442,20274
"111","1015","2008",100,11389
"111","1017","2008",270,15322
"111","1002","2008",305,17987
"111","1004","2008",122,19694
"111","1007","2008",223,33651
"111","1008","2008",900,69228
"111","1011","2008",82,7103
"111","1012","2008",65,2674
"111","1015","2008",96,10309
"111","1017","2008",184,16600
"111","1002","2008",278,23436
"111","1004","2008",114,24197
"111","1007","2008",137,17306
"111","1008","2008",211,42603
"111","1011","2008",112,14003
"111","1012","2008",172,17416
"111","1015","2008",54,3924
"111","1017","2008",195,24145
"111","1002","2008",375,55594
"111","1004","2008",190,19028
"111","1007","2008",161,23550
"111","1008","2008",826,40530
"111","1011","2008",105,10711
"111","1012","2008",137,12108
"111","1015","2008",29,3147
"111","1017","2008",341,24295
"111","1002","2008",217,16607
"111","1004","2008",75,9268
"111","1007","2008",101,11174
"111","1008","2008",391,84400
"111","1011","2008",69,6099
"111","1012","2008",44,3387
"111","1015","2008",73,8305
"111","1017","2008",178,19184
"112","1018","2012",3974,286753
"113","1008","2004",3,271
"114","1002","2004",358,26425
"114","1004","2004",484,35167
"114","1008","2004",1662,121378
"114","1012","2004",336,15786
"114","1016","2004",674,78126
"114","1017","2004",183,28208
"114","1018","2004",174,37557
"114","1002","2004",195,33962
"114","1004","2004",285,42320
"114","1008","2004",361,51923
"114","1012","2004",246,15916
"114","1016","2004",424,36245
"114","1017","2004",238,37223
"114","1018","2004",237,23022
"114","1002","2004",181,20251
"114","1004","2004",211,16648
"114","1008","2004",492,83626
"114","1012","2004",285,12724
"114","1016","2004",178,34464
"114","1017","2004",138,15581
"114","1018","2004",157,19037
"114","1002","2004",283,47906
"114","1004","2004",311,31805
"114","1008","2004",1193,144652
"114","1012","2004",435,24431
"114","1016","2004",385,61235
"114","1017","2004",250,32045
"114","1018","2004",274,25236
"101","1002","2003",591,51733
"101","1004","2003",572,63566
"101","1007","2003",185,20752
"101","1008","2003",816,97340
"101","1016","2003",816,59006
"101","1017","2003",280,30538
"101","1018","2003",97,9095
"101","1002","2003",362,44457
"101","1004","2003",378,53284
"101","1007","2003",155,29822
"101","1008","2003",1076,145071
"101","1016","2003",586,33144
"101","1017","2003",367,35373
"101","1018","2003",114,9913
"101","1002","2003",676,72045
"101","1004","2003",527,83656
"101","1007","2003",150,17998
"101","1008","2003",774,63294
"101","1016","2003",825,59699
"101","1017","2003",222,23710
"101","1018","2003",150,11361
"101","1002","2003",327,43957
"101","1004","2003",372,47990
"101","1007","2003",282,23817
"101","1008","2003",1619,114567
"101","1016","2003",317,28384
"101","1017","2003",186,40636
"101","1018","2003",108,16089
"101","1002","2003",344,29923
"101","1004","2003",388,36072
"101","1007","2003",298,25737
"101","1008","2003",1049,85074
"101","1016","2003",300,38567
"101","1017","2003",196,26857
"101","1018","2003",132,20852
"101","1002","2003",425,43382
"101","1004","2003",397,56618
"101","1007","2003",284,34983
"101","1008","2003",1617,118142
"101","1016","2003",479,34303
"101","1017","2003",188,40940
"101","1018","2003",146,14680
"101","1002","2003",191,21873
"101","1004","2003",275,32450
"101","1007","2003",98,14561
"101","1008","2003",740,136516
"101","1016","2003",283,54215
"101","1017","2003",237,16619
"101","1018","2003",101,12103
"101","1002","2003",148,20500
"101","1004","2003",278,39440
"101","1007","2003",90,11366
"101","1008","2003",644,61533
"101","1016","2003",378,31484
"101","1017","2003",123,15761
"101","1018","2003",58,6492
"101","1002","2003",185,25266
"101","1004","2003",311,23841
"101","1007","2003",133,22801
"101","1008","2003",914,65299
"101","1016","2003",203,34872
"101","1017","2003",54,11570
"101","1018","2003",104,11893
"101","1002","2003",180,29736
"101","1004","2003",232,27532
"101","1007","2003",125,15462
"101","1008","2003",1168,110365
"101","1016","2003",209,27789
"101","1017","2003",166,17505
"101","1018","2003",118,18262
"101","1002","2003",179,44641
"101","1004","2003",443,58551
"101","1007","2003",160,11310
"101","1008","2003",1483,132225
"101","1016","2003",535,46524
"101","1017","2003",316,24803
"101","1018","2003",140,10151
"101","1002","2003",186,50329
"101","1004","2003",359,33614
"101","1007","2003",127,20219
"101","1008","2003",779,99301
"101","1016","2003",541,43517
"101","1017","2003",266,30402
"101","1018","2003",165,10292
"101","1002","2003",300,24896
"101","1004","2003",512,58579
"101","1007","2003",205,26131
"101","1008","2003",645,52277
"101","1016","2003",441,40272
"101","1017","2003",185,35688
"101","1018","2003",78,7056
"101","1002","2003",311,41810
"101","1004","2003",551,74485
"101","1007","2003",356,47687
"101","1008","2003",1425,253366
"101","1016","2003",275,46802
"101","1017","2003",270,22798
"101","1018","2003",161,11171
"101","1002","2003",358,42128
"101","1004","2003",736,56755
"101","1007","2003",236,21848
"101","1008","2003",1597,134093
"101","1016","2003",385,53549
"101","1017","2003",275,30005
"101","1018","2003",84,11505
"102","1003","2011",1215,73775
"102","1004","2011",2403,182835
"102","1011","2011",650,44569
"102","1015","2011",1725,91616
"103","1018","2006",438,46694
"104","1007","2007",140,7383
"105","1002","2002",150,12440
"105","1004","2002",144,21996
"105","1007","2002",216,14389
"105","1008","2002",1181,67991
"105","1011","2002",119,18757
"105","1012","2002",487,22097
"105","1015","2002",47,4749
"105","1016","2002",8,1842
"105","1017","2002",134,19314
"105","1002","2002",319,57524
"105","1004","2002",311,44318
"105","1007","2002",170,31998
"105","1008","2002",751,153613
"105","1011","2002",261,17661
"105","1015","2002",109,8825
"105","1016","2002",171,40175
"105","1017","2002",165,23030
"105","1002","2002",195,21383
"105","1004","2002",239,19010
"105","1007","2002",238,21309
"105","1008","2002",982,93028
"105","1011","2002",161,13225
"105","1012","2002",132,7617
"105","1015","2002",31,2930
"105","1016","2002",120,10514
"105","1017","2002",122,14588
"106","1002","2005",130,27943
"106","1004","2005",168,20670
"106","1007","2005",174,33518
"106","1008","2005",416,40351
"106","1011","2005",99,12416
"106","1012","2005",153,4869
"106","1015","2005",149,17925
"106","1016","2005",253,15864
"106","1017","2005",145,23039
"106","1002","2005",171,23011
"106","1004","2005",135,14356
"106","1007","2005",176,23177
"106","1008","2005",699,53905
"106","1011","2005",153,12724
"106","1012","2005",221,20320
"106","1015","2005",126,11610
"106","1016","2005",401,23170
"106","1017","2005",216,18801
"107","1002","2001",139,17132
"107","1004","2001",293,35128
"107","1007","2001",90,8960
"107","1008","2001",941,79133
"107","1012","2001",25,1379
"107","1016","2001",633,63866
"107","1017","2001",294,21974
"107","1018","2001",284,24216
"107","1004","2001",567,40386
"107","1007","2001",193,20557
"107","1008","2001",808,70635
"107","1012","2001",298,21755
"107","1016","2001",817,98053
"107","1017","2001",207,24872
"107","1018","2001",181,13524
"107","1002","2001",273,26183
"107","1004","2001",325,36742
"107","1007","2001",200,22915
"107","1008","2001",882,71634
"107","1012","2001",12,312
"107","1016","2001",310,20255
"107","1017","2001",153,10783
"107","1018","2001",205,16142
"107","1004","2001",145,19613
"107","1007","2001",101,13966
"107","1008","2001",457,58052
"107","1012","2001",125,4810
"107","1016","2001",533,64724
"107","1017","2001",123,17810
"107","1018","2001",175,13655
"107","1002","2001",254,25285
"107","1004","2001",318,29001
"107","1007","2001",108,18530
"107","1008","2001",652,127136
"107","1012","2001",170,7622
"107","1016","2001",486,58187
"107","1017","2001",172,20496
"107","1018","2001",245,24539
"107","1002","2001",73,7892
"107","1004","2001",262,22365
"107","1007","2001",54,8865
"107","1008","2001",879,60107
"107","1012","2001",215,12268
"107","1016","2001",704,67056
"107","1017","2001",227,31226
"107","1018","2001",180,29317
"107","1004","2001",256,40502
"107","1007","2001",170,13196
"107","1008","2001",748,48010
"107","1012","2001",300,17485
"107","1016","2001",538,52570
"107","1017","2001",127,15752
"107","1018","2001",263,31474
"107","1004","2001",195,17713
"107","1007","2001",81,10547
"107","1008","2001",407,42347
"107","1012","2001",314,21777
"107","1016","2001",461,60351
"107","1017","2001",248,35093
"107","1018","2001",153,36263
"107","1004","2001",172,17408
"107","1007","2001",66,5611
"107","1008","2001",361,33583
"107","1012","2001",0,0
"107","1016","2001",216,41998
"107","1017","2001",116,13197
"107","1018","2001",256,21756
"107","1004","2001",119,26015
"107","1007","2001",78,5990
"107","1008","2001",478,56090
"107","1012","2001",3,172
"107","1016","2001",277,38980
"107","1017","2001",91,22264
"107","1018","2001",137,13889
"108","1001","2009",166,49158
"108","1002","2009",273,27147
"108","1003","2009",146,17235
"108","1004","2009",379,27774
"108","1006","2009",217,62037
"108","1007","2009",155,12571
"108","1018","2009",311,15135
"109","1002","2007",1237,86919
"109","1007","2007",940,72983
"109","1011","2007",870,31145
"110","1001","2010",153,21127
"110","1002","2010",96,7698
"110","1003","2010",72,5247
"110","1004","2010",281,15385
"110","1006","2010",621,110400
"110","1007","2010",129,5399
"110","1010","2010",208,14144
"110","1011","2010",467,33502
"110","1015","2010",541,32266
"111","1002","2008",251,37925
"111","1004","2008",275,34639
"111","1007","2008",142,32676
"111","1008","2008",563,71660
"111","1011","2008",176,12653
"111","1012","2008",197,17258
"111","1015","2008",150,11076
"111","1017","2008",318,26512
"111","1002","2008",197,26602
"111","1004","2008",206,26854
"111","1007","2008",112,17420
"111","1008","2008",695,111992
"111","1011","2008",65,11296
"111","1012","2008",57,2668
"111","1015","2008",78,6895
"111","1017","2008",170,19232
"111","1002","2008",141,22935
"111","1004","2008",170,15856
"111","1007","2008",133,17732
"111","1008","2008",444,42301
"111","1011","2008",126,9847
"111","1012","2008",151,7511
"111","1017","2008",189,17897
"111","1002","2008",409,57937
"111","1004","2008",164,28376
"111","1007","2008",245,33842
"111","1008","2008",884,83530
"111","1011","2008",154,19620
"111","1012","2008",67,2931
"111","1015","2008",26,2104
"111","1017","2008",303,24328
"111","1002","2008",155,28318
"111","1004","2008",107,13159
"111","1007","2008",82,9248
"111","1008","2008",399,60796
"111","1011","2008",30,3421
"111","1012","2008",102,8677
"111","1015","2008",58,5147
"111","1017","2008",147,13470
"113","1008","2004",1,109
"113","1017","2004",0,0
"113","1018","2004",2,65
"114","1002","2004",243,32433
"114","1004","2004",398,41325
"114","1008","2004",758,118007
"114","1012","2004",290,10844
"114","1016","2004",341,66135
"114","1017","2004",138,23896
"114","1018","2004",175,33090
"114","1002","2004",165,18581
"114","1004","2004",266,17559
"114","1008","2004",405,51073
"114","1012","2004",180,19790
"114","1016","2004",438,23455
"114","1017","2004",247,45497
"114","1018","2004",271,26487
"114","1002","2004",226,21800
"114","1004","2004",205,22335
"114","1008","2004",586,64661
"114","1012","2004",186,12935
"114","1016","2004",280,30686
"114","1017","2004",126,15526
"114","1018","2004",196,15387
"114","1002","2004",359,28633
"114","1004","2004",266,34577
"114","1008","2004",719,131895
"114","1012","2004",343,13433
"114","1016","2004",220,38447
"114","1017","2004",164,17930
"114","1018","2004",198,15746
"101","1002","2003",544,97324
"101","1004","2003",896,74866
"101","1007","2003",214,15684
"101","1008","2003",837,64565
"101","1016","2003",903,80637
"101","1017","2003",270,23665
"101","1018","2003",95,10770
"101","1002","2003",415,45029
"101","1004","2003",465,51793
"101","1007","2003",172,24279
"101","1008","2003",1416,199928
"101","1016","2003",868,65376
"101","1017","2003",384,27787
"101","1018","2003",133,11092
"101","1002","2003",452,81860
"101","1004","2003",559,90166
"101","1007","2003",243,27404
"101","1008","2003",1009,62344
"101","1016","2003",577,86644
"101","1017","2003",250,38409
"101","1018","2003",94,16410
"101","1002","2003",353,28906
"101","1004","2003",547,48359
"101","1007","2003",293,25747
"101","1008","2003",1226,124574
"101","1016","2003",264,41287
"101","1017","2003",228,28450
"101","1018","2003",126,16795
"101","1002","2003",316,38485
"101","1004","2003",293,65839
"101","1007","2003",160,9771
"101","1008","2003",1167,110319
"101","1016","2003",470,35702
"101","1017","2003",164,20274
"101","1018","2003",139,11694
"101","1002","2003",262,34986
"101","1004","2003",475,50884
"101","1007","2003",153,23453
"101","1008","2003",1596,228914
"101","1016","2003",420,43117
"101","1017","2003",275,28758
"101","1018","2003",162,19437
"101","1002","2003",173,15288
"101","1004","2003",225,23658
"101","1007","2003",86,5140
"101","1008","2003",617,58635
"101","1016","2003",360,46344
"101","1017","2003",181,15235
"101","1018","2003",62,5157
"101","1002","2003",194,30227
"101","1004","2003",447,28505
"101","1007","2003",30,4280
"101","1008","2003",736,89966
"101","1016","2003",454,30556
"101","1017","2003",115,23471
"101","1018","2003",37,6173
"101","1002","2003",93,21921
"101","1004","2003",259,19749
"101","1007","2003",113,13373
"101","1008","2003",574,90187
"101","1016","2003",256,20199
"101","1017","2003",103,14800
"101","1018","2003",28,3127
"101","1002","2003",124,18466
"101","1004","2003",206,31081
"101","1007","2003",101,15057
"101","1008","2003",1470,142724
"101","1016","2003",207,26390
"101","1017","2003",199,16633
"101","1018","2003",106,15602
"101","1002","2003",306,34831
"101","1004","2003",513,40299
"101","1007","2003",145,24275
"101","1008","2003",2164,148165
"101","1016","2003",373,31206
"101","1017","2003",275,25048
"101","1018","2003",146,14574
"101","1002","2003",192,14018
"101","1004","2003",208,24843
"101","1007","2003",98,12976
"101","1008","2003",1421,136614
"101","1016","2003",475,53693
"101","1017","2003",236,15041
"101","1018","2003",107,9258
"101","1002","2003",210,43141
"101","1004","2003",376,73153
"101","1007","2003",291,18414
"101","1008","2003",800,90847
"101","1016","2003",360,40295
"101","1017","2003",242,21177
"101","1018","2003",100,6516
"101","1002","2003",395,62974
"101","1004","2003",607,48583
"101","1007","2003",379,41250
"101","1008","2003",2844,293681
"101","1016","2003",595,48736
"101","1017","2003",194,37164
"101","1018","2003",147,13912
"101","1002","2003",232,34492
"101","1004","2003",642,50979
"101","1007","2003",251,19342
"101","1008","2003",1330,117578
"101","1016","2003",346,73502
"101","1017","2003",235,23344
"101","1018","2003",79,7280
"102","1003","2011",1027,78347
"102","1004","2011",1927,139579
"102","1015","2011",1113,148540
"103","1018","2006",495,51576
"104","1007","2007",123,7975
"105","1002","2002",144,21335
"105","1004","2002",307,48679
"105","1007","2002",187,26649
"105","1008","2002",263,38702
"105","1011","2002",173,11880
"105","1012","2002",420,27991
"105","1015","2002",63,5120
"105","1016","2002",125,22588
"105","1017","2002",155,17124
"105","1002","2002",315,31620
"105","1004","2002",537,41872
"105","1007","2002",192,20485
"105","1008","2002",376,44622
"105","1011","2002",256,28285
"105","1015","2002",90,11908
"105","1016","2002",419,43292
"105","1017","2002",197,20331
"105","1002","2002",258,30522
"105","1004","2002",227,33000
"105","1007","2002",176,15655
"105","1008","2002",205,30439
"105","1011","2002",186,16295
"105","1012","2002",246,7651
"105","1015","2002",33,3966
"105","1016","2002",147,17248
"105","1017","2002",186,17644
"106","1002","2005",162,38469
"106","1004","2005",178,20927
"106","1007","2005",217,14696
"106","1008","2005",442,45647
"106","1011","2005",226,14636
"106","1012","2005",183,6597
"106","1015","2005",156,12387
"106","1016","2005",174,44589
"106","1017","2005",234,29012
"106","1002","2005",188,22681
"106","1004","2005",222,23881
"106","1007","2005",247,11892
"106","1008","2005",675,52805
"106","1011","2005",176,15206
"106","1012","2005",364,22017
"106","1015","2005",141,15628
"106","1016","2005",244,26585
"106","1017","2005",318,25707
"107","1002","2001",187,22819
"107","1004","2001",319,37593
"107","1007","2001",67,6940
"107","1008","2001",791,87753
"107","1012","2001",185,11433
"107","1016","2001",540,41728
"107","1017","2001",254,15823
"107","1018","2001",236,22535
"107","1004","2001",385,52373
"107","1007","2001",148,15165
"107","1008","2001",707,64183
"107","1012","2001",379,19005
"107","1016","2001",680,85949
"107","1017","2001",195,38392
"107","1018","2001",133,24180
"107","1002","2001",211,23624
"107","1004","2001",371,57330
"107","1007","2001",226,17071
"107","1008","2001",1427,127419
"107","1016","2001",270,33849
"107","1017","2001",147,20409
"107","1018","2001",178,27107
"107","1004","2001",301,33013
"107","1007","2001",147,18231
"107","1008","2001",518,62625
"107","1012","2001",240,7683
"107","1016","2001",527,67655
"107","1017","2001",143,17734
"107","1018","2001",187,25228
"107","1002","2001",257,12734
"107","1004","2001",419,33613
"107","1007","2001",166,22822
"107","1008","2001",638,67696
"107","1012","2001",147,6897
"107","1016","2001",693,54066
"107","1017","2001",203,18304
"107","1018","2001",317,46436
"107","1002","2001",133,13838
"107","1004","2001",164,17016
"107","1007","2001",144,13370
"107","1008","2001",782,54288
"107","1012","2001",339,25917
"107","1016","2001",679,76500
"107","1017","2001",194,21115
"107","1018","2001",231,28385
"107","1004","2001",266,26809
"107","1007","2001",122,20893
"107","1008","2001",898,90916
"107","1012","2001",331,28825
"107","1016","2001",627,32733
"107","1017","2001",151,18411
"107","1018","2001",251,27226
"107","1004","2001",234,26072
"107","1007","2001",73,6255
"107","1008","2001",492,36645
"107","1012","2001",385,21464
"107","1016","2001",534,84175
"107","1017","2001",307,25486
"107","1018","2001",189,26153
"107","1004","2001",213,24656
"107","1007","2001",82,8954
"107","1008","2001",471,67370
"107","1012","2001",43,3627
"107","1016","2001",519,74637
"107","1017","2001",138,19080
"107","1018","2001",157,19400
"107","1004","2001",207,29152
"107","1007","2001",82,9277
"107","1008","2001",540,83480
"107","1016","2001",201,17615
"107","1017","2001",128,11356
"107","1018","2001",83,17390
"108","1001","2009",121,38542
"108","1002","2009",312,23788
"108","1003","2009",136,13595
"108","1004","2009",396,32760
"108","1006","2009",201,73800
"108","1007","2009",104,9006
"108","1018","2009",198,13739
"109","1002","2007",1282,127240
"109","1007","2007",1127,86102
"109","1011","2007",1055,101544
"110","1002","2010",261,11033
"110","1004","2010",206,8298
"110","1006","2010",689,86731
"110","1007","2010",82,2975
"110","1010","2010",349,17597
"110","1015","2010",582,46691
"111","1002","2008",288,26833
"111","1007","2008",123,24996
"111","1008","2008",478,41873
"111","1011","2008",244,22078
"111","1012","2008",364,11928
"111","1015","2008",116,8931
"111","1017","2008",298,31392
"111","1002","2008",149,26676
"111","1007","2008",252,27391
"111","1008","2008",625,71042
"111","1011","2008",108,9785
"111","1012","2008",179,13113
"111","1017","2008",258,14545
"111","1002","2008",392,39743
"111","1007","2008",169,18446
"111","1008","2008",442,50783
"111","1011","2008",78,6709
"111","1012","2008",164,9431
"111","1015","2008",7,1250
"111","1017","2008",230,19109
"111","1002","2008",159,23238
"111","1004","2008",165,24123
"111","1007","2008",79,9618
"111","1008","2008",550,75439
"111","1011","2008",75,8796
"111","1012","2008",120,5230
"111","1015","2008",55,7458
"111","1017","2008",182,19545
"112","1018","2012",3028,256825
"113","1008","2004",55,3123
"113","1017","2004",8,774
"113","1018","2004",0,0
"114","1002","2004",230,45222
"114","1004","2004",274,34888
"114","1008","2004",937,102695
"114","1012","2004",166,11856
"114","1016","2004",494,70027
"114","1017","2004",202,16786
"114","1018","2004",167,17833
"114","1002","2004",281,26387
"114","1004","2004",150,19473
"114","1008","2004",395,50952
"114","1012","2004",275,11251
"114","1016","2004",240,39446
"114","1017","2004",319,36160
"114","1018","2004",293,23540
"114","1002","2004",191,28125
"114","1004","2004",261,20921
"114","1008","2004",725,54815
"114","1012","2004",276,9351
"114","1016","2004",283,31542
"114","1017","2004",245,23838
"114","1018","2004",153,25165
"114","1002","2004",401,55736
"114","1004","2004",424,43828
"114","1008","2004",493,87523
"114","1012","2004",369,29237
"114","1016","2004",259,29864
"114","1017","2004",256,31471
"114","1018","2004",251,20972
"101","1002","2003",393,76687
"101","1004","2003",676,60749
"101","1007","2003",189,22276
"101","1008","2003",754,111859
"101","1016","2003",447,58599
"101","1017","2003",169,24572
"101","1018","2003",91,6135
"101","1002","2003",296,57855
"101","1004","2003",408,61720
"101","1007","2003",283,31356
"101","1008","2003",2170,148552
"101","1016","2003",810,75054
"101","1017","2003",249,41170
"101","1018","2003",142,22210
"101","1002","2003",562,91199
"101","1004","2003",390,61738
"101","1007","2003",285,31949
"101","1008","2003",945,93968
"101","1016","2003",632,72054
"101","1017","2003",358,34597
"101","1018","2003",94,6748
"101","1002","2003",257,57719
"101","1004","2003",580,98750
"101","1007","2003",197,14051
"101","1008","2003",1766,143858
"101","1016","2003",457,26011
"101","1017","2003",306,22670
"101","1018","2003",232,28507
"101","1002","2003",335,29142
"101","1004","2003",452,56071
"101","1007","2003",257,19143
"101","1008","2003",1184,150491
"101","1016","2003",340,53986
"101","1017","2003",230,20714
"101","1018","2003",130,8756
"101","1002","2003",235,48985
"101","1004","2003",381,42774
"101","1007","2003",227,20655
"101","1008","2003",1273,113039
"101","1016","2003",382,30074
"101","1017","2003",223,26868
"101","1018","2003",90,17206
"101","1002","2003",222,21173
"101","1004","2003",181,25667
"101","1007","2003",59,10111
"101","1008","2003",1042,68589
"101","1016","2003",457,49846
"101","1017","2003",183,21482
"101","1018","2003",133,12152
"101","1002","2003",188,20315
"101","1004","2003",361,20471
"101","1007","2003",41,4636
"101","1008","2003",787,146044
"101","1016","2003",406,19452
"101","1017","2003",99,13245
"101","1018","2003",47,4942
"101","1002","2003",176,19242
"101","1004","2003",229,28368
"101","1007","2003",74,9384
"101","1008","2003",944,86778
"101","1016","2003",161,23319
"101","1017","2003",151,12244
"101","1018","2003",29,3381
"101","1002","2003",192,18289
"101","1004","2003",177,26725
"101","1007","2003",83,12925
"101","1008","2003",1560,138420
"101","1016","2003",323,17384
"101","1017","2003",177,17003
"101","1018","2003",146,11374
"101","1002","2003",276,42695
"101","1004","2003",298,40096
"101","1007","2003",155,20545
"101","1008","2003",1552,315886
"101","1016","2003",298,36081
"101","1017","2003",225,21918
"101","1018","2003",96,14057
"101","1002","2003",177,20271
"101","1004","2003",390,46862
"101","1007","2003",177,14746
"101","1008","2003",1720,143284
"101","1016","2003",832,88927
"101","1017","2003",211,28508
"101","1018","2003",119,16145
"101","1002","2003",379,56147
"101","1004","2003",516,42240
"101","1007","2003",163,23168
"101","1008","2003",1006,61013
"101","1016","2003",406,54522
"101","1017","2003",204,20612
"101","1018","2003",122,12348
"101","1002","2003",553,99367
"101","1004","2003",692,72036
"101","1007","2003",368,41618
"101","1008","2003",2826,232039
"101","1016","2003",512,42778
"101","1017","2003",251,28185
"101","1018","2003",191,21043
"101","1002","2003",245,45900
"101","1004","2003",387,58431
"101","1007","2003",219,22323
"101","1008","2003",1620,175916
"101","1016","2003",304,70619
"101","1017","2003",265,23569
"101","1018","2003",85,12042
"102","1003","2011",1088,86354
"102","1004","2011",1842,171538
"102","1011","2011",461,28555
"102","1015","2011",1494,62104
"103","1011","2006",428,32178
"103","1018","2006",1232,110545
"104","1018","2007",173,9891
"105","1002","2002",81,17031
"105","1004","2002",213,12417
"105","1007","2002",166,22944
"105","1008","2002",304,69480
"105","1011","2002",90,14222
"105","1012","2002",500,16607
"105","1015","2002",69,5307
"105","1016","2002",72,11080
"105","1017","2002",197,27909
"105","1002","2002",322,39601
"105","1004","2002",379,37717
"105","1007","2002",187,32074
"105","1008","2002",541,69461
"105","1011","2002",226,27980
"105","1015","2002",77,10915
"105","1016","2002",440,50131
"105","1017","2002",229,13651
"105","1002","2002",157,20198
"105","1004","2002",206,26993
"105","1007","2002",246,31340
"105","1008","2002",750,65056
"105","1011","2002",121,16869
"105","1012","2002",159,7527
"105","1015","2002",114,11475
"105","1016","2002",190,13354
"105","1017","2002",210,14435
"106","1002","2005",163,30371
"106","1004","2005",183,16147
"106","1007","2005",250,16931
"106","1008","2005",365,54240
"106","1011","2005",113,18328
"106","1012","2005",122,5511
"106","1015","2005",116,17491
"106","1016","2005",160,26877
"106","1017","2005",241,22994
"106","1002","2005",191,38916
"106","1004","2005",242,15096
"106","1007","2005",224,22038
"106","1008","2005",578,93053
"106","1011","2005",130,22398
"106","1012","2005",340,22244
"106","1015","2005",203,27322
"106","1016","2005",237,29760
"106","1017","2005",252,30629
"107","1002","2001",183,34064
"107","1004","2001",239,26597
"107","1007","2001",224,14659
"107","1008","2001",1381,150028
"107","1012","2001",210,4726
"107","1016","2001",785,88462
"107","1017","2001",190,31553
"107","1018","2001",247,41971
"107","1004","2001",611,59412
"107","1007","2001",243,24614
"107","1008","2001",538,116282
"107","1012","2001",296,13318
"107","1016","2001",746,71838
"107","1017","2001",378,34770
"107","1018","2001",180,20190
"107","1002","2001",216,25248
"107","1004","2001",168,18803
"107","1007","2001",197,14441
"107","1008","2001",917,99767
"107","1016","2001",317,52285
"107","1017","2001",148,15867
"107","1018","2001",104,12309
"107","1004","2001",279,31617
"107","1007","2001",184,23198
"107","1008","2001",652,78756
"107","1012","2001",219,8529
"107","1016","2001",435,48132
"107","1017","2001",158,16101
"107","1018","2001",179,19090
"107","1002","2001",137,10729
"107","1004","2001",249,47763
"107","1007","2001",196,17601
"107","1008","2001",940,98619
"107","1012","2001",84,7125
"107","1016","2001",685,36662
"107","1017","2001",341,34391
"107","1018","2001",294,19879
"107","1002","2001",65,12446
"107","1004","2001",245,23563
"107","1007","2001",93,14010
"107","1008","2001",518,42801
"107","1012","2001",247,15935
"107","1016","2001",607,71420
"107","1017","2001",242,18138
"107","1018","2001",207,12183
"107","1004","2001",430,42625
"107","1007","2001",164,24413
"107","1008","2001",1093,84645
"107","1012","2001",290,32109
"107","1016","2001",380,54922
"107","1017","2001",261,18288
"107","1018","2001",236,23476
"107","1004","2001",245,26172
"107","1007","2001",58,8951
"107","1008","2001",612,62796
"107","1012","2001",263,16673
"107","1016","2001",742,98766
"107","1017","2001",259,16280
"107","1018","2001",240,27758
"107","1004","2001",280,25459
"107","1007","2001",142,10001
"107","1008","2001",402,35495
"107","1012","2001",130,7183
"107","1016","2001",533,40546
"107","1017","2001",304,22533
"107","1018","2001",232,23073
"107","1004","2001",108,11436
"107","1007","2001",111,11906
"107","1008","2001",503,57338
"107","1012","2001",15,1218
"107","1016","2001",186,26191
"107","1017","2001",77,8412
"107","1018","2001",92,13203
"108","1001","2009",113,35120
"108","1002","2009",314,23482
"108","1003","2009",203,11555
"108","1004","2009",202,11735
"108","1006","2009",270,37548
"108","1007","2009",63,6226
"108","1014","2009",906,30753
"108","1018","2009",113,11488
"109","1002","2007",726,124538
"109","1007","2007",1162,91902
"109","1011","2007",779,75718
"110","1002","2010",381,12167
"110","1004","2010",262,17465
"110","1006","2010",538,61144
"110","1007","2010",88,3735
"110","1010","2010",259,18579
"110","1015","2010",1168,56268
"112","1018","2012",3527,368609
"113","1008","2004",192,20944
"113","1017","2004",0,0
"113","1018","2004",0,0
"114","1002","2004",213,37970
"114","1004","2004",417,57137
"114","1008","2004",1325,144732
"114","1012","2004",104,6596
"114","1016","2004",624,57343
"114","1017","2004",105,12516
"114","1018","2004",184,12595
"114","1002","2004",201,14018
"114","1004","2004",201,20230
"114","1008","2004",527,60504
"114","1012","2004",160,6478
"114","1016","2004",398,42160
"114","1017","2004",338,19349
"114","1018","2004",174,11869
"114","1002","2004",160,21394
"114","1004","2004",206,18398
"114","1008","2004",626,59135
"114","1012","2004",245,8386
"114","1016","2004",317,41073
"114","1017","2004",143,22525
"114","1018","2004",203,15071
"114","1002","2004",338,33242
"114","1004","2004",328,29966
"114","1008","2004",698,68055
"114","1012","2004",195,11673
"114","1016","2004",316,47549
"114","1017","2004",174,24331
"114","1018","2004",228,20577
"101","1002","2003",736,97458
"101","1004","2003",781,78613
"101","1007","2003",106,20053
"101","1008","2003",909,155903
"101","1016","2003",501,47735
"101","1017","2003",228,22463
"101","1018","2003",123,12209
"101","1002","2003",456,71545
"101","1004","2003",479,48091
"101","1007","2003",260,29355
"101","1008","2003",1389,156858
"101","1016","2003",434,77988
"101","1017","2003",229,45795
"101","1018","2003",102,17007
"101","1002","2003",600,79068
"101","1004","2003",548,45314
"101","1007","2003",114,11485
"101","1008","2003",1262,161393
"101","1016","2003",678,69639
"101","1017","2003",251,64366
"101","1018","2003",115,12315
"101","1002","2003",391,65265
"101","1004","2003",725,50889
"101","1007","2003",287,36186
"101","1008","2003",1570,90806
"101","1016","2003",511,55090
"101","1017","2003",313,21276
"101","1018","2003",154,14296
"101","1002","2003",234,35439
"101","1004","2003",313,32770
"101","1007","2003",148,20845
"101","1008","2003",1195,103046
"101","1016","2003",388,51365
"101","1017","2003",211,28933
"101","1018","2003",198,27178
"101","1002","2003",360,37930
"101","1004","2003",466,39128
"101","1007","2003",115,24014
"101","1008","2003",1888,179598
"101","1016","2003",262,41792
"101","1017","2003",232,30621
"101","1018","2003",88,10744
"101","1002","2003",135,28469
"101","1004","2003",301,43439
"101","1007","2003",118,8796
"101","1008","2003",1147,83624
"101","1016","2003",340,32658
"101","1017","2003",175,19026
"101","1018","2003",101,11006
"101","1002","2003",175,29988
"101","1004","2003",440,32474
"101","1007","2003",40,6993
"101","1008","2003",797,70739
"101","1016","2003",470,24217
"101","1017","2003",139,13805
"101","1018","2003",51,7151
"101","1002","2003",160,25257
"101","1004","2003",305,24201
"101","1007","2003",121,15565
"101","1008","2003",890,136007
"101","1016","2003",269,28798
"101","1017","2003",168,16900
"101","1018","2003",77,5570
"101","1002","2003",131,22926
"101","1004","2003",347,26616
"101","1007","2003",119,9228
"101","1008","2003",1157,127396
"101","1016","2003",267,37692
"101","1017","2003",182,21647
"101","1018","2003",91,10425
"101","1002","2003",253,45764
"101","1004","2003",484,35572
"101","1007","2003",131,17712
"101","1008","2003",2495,193229
"101","1016","2003",468,42458
"101","1017","2003",190,17004
"101","1018","2003",68,10198
"101","1002","2003",169,47605
"101","1004","2003",284,59776
"101","1007","2003",172,10187
"101","1008","2003",1271,89497
"101","1016","2003",553,54507
"101","1017","2003",258,18044
"101","1018","2003",136,9496
"101","1002","2003",192,20381
"101","1004","2003",586,84020
"101","1007","2003",231,34049
"101","1008","2003",935,138648
"101","1016","2003",556,65161
"101","1017","2003",368,49854
"101","1018","2003",64,10920
"101","1002","2003",460,54297
"101","1004","2003",426,59812
"101","1007","2003",368,26614
"101","1008","2003",2685,195846
"101","1016","2003",453,61052
"101","1017","2003",249,26938
"101","1018","2003",138,17905
"101","1002","2003",415,31600
"101","1004","2003",367,79581
"101","1007","2003",263,19384
"101","1008","2003",2250,165188
"101","1016","2003",329,41400
"101","1017","2003",258,26070
"101","1018","2003",70,4980
"102","1003","2011",1925,143127
"102","1004","2011",3030,260671
"102","1011","2011",371,44166
"102","1015","2011",1052,75486
"103","1011","2006",909,142202
"103","1018","2006",1041,109815
"105","1002","2002",85,10410
"105","1004","2002",174,23321
"105","1007","2002",182,16101
"105","1008","2002",1337,111313
"105","1011","2002",132,14577
"105","1012","2002",305,17140
"105","1015","2002",101,8726
"105","1016","2002",73,4693
"105","1017","2002",111,12752
"105","1002","2002",387,37450
"105","1004","2002",574,43813
"105","1007","2002",273,16745
"105","1008","2002",1730,181953
"105","1011","2002",331,31279
"105","1015","2002",130,10948
"105","1016","2002",95,7274
"105","1017","2002",181,31850
"105","1002","2002",122,30262
"105","1004","2002",295,15678
"105","1007","2002",174,13951
"105","1008","2002",1073,181605
"105","1011","2002",117,18173
"105","1012","2002",63,3737
"105","1015","2002",75,6165
"105","1016","2002",52,5655
"105","1017","2002",142,8706
"106","1002","2005",204,17749
"106","1004","2005",160,29450
"106","1007","2005",191,13826
"106","1008","2005",372,71850
"106","1011","2005",84,10868
"106","1012","2005",180,5422
"106","1015","2005",146,21194
"106","1016","2005",278,16731
"106","1017","2005",247,26140
"106","1002","2005",160,29724
"106","1004","2005",145,26880
"106","1007","2005",149,21170
"106","1008","2005",886,52474
"106","1011","2005",193,11266
"106","1012","2005",386,22694
"106","1015","2005",160,16438
"106","1016","2005",312,36938
"106","1017","2005",186,22579
"107","1002","2001",151,40525
"107","1004","2001",250,16730
"107","1007","2001",111,13481
"107","1008","2001",1114,104591
"107","1012","2001",187,8366
"107","1016","2001",764,58774
"107","1017","2001",182,31354
"107","1018","2001",224,18166
"107","1004","2001",480,59893
"107","1007","2001",230,20405
"107","1008","2001",832,115254
"107","1012","2001",347,16292
"107","1016","2001",1015,81120
"107","1017","2001",389,30182
"107","1018","2001",182,12396
"107","1002","2001",163,24558
"107","1004","2001",307,39446
"107","1007","2001",143,16971
"107","1008","2001",1054,124409
"107","1016","2001",346,24420
"107","1017","2001",126,15415
"107","1018","2001",248,23424
"107","1004","2001",156,25399
"107","1007","2001",122,20402
"107","1008","2001",876,56307
"107","1012","2001",72,7943
"107","1016","2001",342,51128
"107","1017","2001",145,22515
"107","1018","2001",134,12738
"107","1002","2001",193,26939
"107","1004","2001",337,44757
"107","1007","2001",128,13578
"107","1008","2001",664,117223
"107","1012","2001",56,3068
"107","1016","2001",646,37672
"107","1017","2001",258,21564
"107","1018","2001",225,27856
"107","1002","2001",81,10316
"107","1004","2001",308,22737
"107","1007","2001",137,16142
"107","1008","2001",736,63178
"107","1012","2001",298,15209
"107","1016","2001",435,53751
"107","1017","2001",220,25492
"107","1018","2001",262,15184
"107","1004","2001",488,24964
"107","1007","2001",168,16901
"107","1008","2001",1108,100889
"107","1012","2001",356,18480
"107","1016","2001",371,54135
"107","1017","2001",252,20983
"107","1018","2001",357,28888
"107","1004","2001",241,32185
"107","1007","2001",129,10053
"107","1008","2001",508,57721
"107","1012","2001",408,16737
"107","1016","2001",519,110831
"107","1017","2001",222,25521
"107","1018","2001",216,18625
"107","1004","2001",193,35540
"107","1007","2001",146,11897
"107","1008","2001",726,63320
"107","1012","2001",48,2403
"107","1016","2001",311,48282
"107","1017","2001",295,18918
"107","1018","2001",267,15109
"107","1004","2001",132,16177
"107","1007","2001",77,6272
"107","1008","2001",608,94986
"107","1012","2001",6,418
"107","1016","2001",217,25443
"107","1017","2001",102,10510
"107","1018","2001",76,12036
"108","1001","2009",150,27198
"108","1002","2009",168,22184
"108","1003","2009",129,19764
"108","1004","2009",368,27151
"108","1006","2009",193,33899
"108","1007","2009",118,7461
"108","1014","2009",1953,74330
"108","1018","2009",107,9145
"109","1002","2007",738,90981
"109","1007","2007",1240,99151
"109","1011","2007",628,68153
"110","1001","2010",161,23606
"110","1002","2010",308,27198
"110","1004","2010",269,18220
"110","1006","2010",634,105398
"110","1007","2010",63,3841
"110","1010","2010",132,14460
"110","1011","2010",659,26748
"110","1015","2010",154,14079
"112","1018","2012",3102,386012
"113","1008","2004",34,6068
"113","1017","2004",2,207
"113","1018","2004",0,0
"114","1002","2004",375,22826
"114","1004","2004",261,32718
"114","1008","2004",1147,109095
"114","1012","2004",115,5295
"114","1016","2004",679,73355
"114","1017","2004",270,16416
"114","1018","2004",237,19836
"114","1002","2004",262,45108
"114","1004","2004",333,18811
"114","1008","2004",572,55301
"114","1012","2004",190,15554
"114","1016","2004",451,34430
"114","1017","2004",201,37492
"114","1018","2004",152,30270
"114","1002","2004",225,15211
"114","1004","2004",221,21754
"114","1008","2004",421,68044
"114","1012","2004",260,7291
"114","1016","2004",370,41274
"114","1017","2004",232,22721
"114","1018","2004",222,14299
"114","1002","2004",329,49429
"114","1004","2004",373,35438
"114","1008","2004",1102,135520
"114","1012","2004",408,15254
"114","1016","2004",461,25758
"114","1017","2004",150,20206
"114","1018","2004",152,27209
